keyword,branch,target_patterns
강남 한의원,강남,강남함소아한의원|함소아한의원 강남|함소아 강남
압구정 한의원,압구정,함소아한의원 압구정|압구정 함소아한의원|함소아 압구정|hamsoa.com/reservation/01_v/76
서초 한의원,서초교대,함소아한의원 서초교대|서초교대 함소아한의원|함소아 서초교대|hamsoa.com/reservation/01_v/54
잠실 한의원,잠실,함소아한의원 잠실|잠실 함소아한의원|함소아 잠실|hamsoa.com/reservation/01_v/55
목동 한의원,목동,함소아한의원 목동|목동 함소아한의원|함소아 목동|hamsoa.com/reservation/01_v/56
노원 한의원,노원,함소아한의원 노원|노원 함소아한의원|함소아 노원|hamsoa.com/reservation/01_v/60
중랑 한의원,중랑,함소아한의원 중랑|중랑 함소아한의원|함소아 중랑|hamsoa.com/reservation/01_v/52
왕십리 한의원,왕십리,함소아한의원 왕십리|왕십리 함소아한의원|함소아 왕십리|hamsoa.com/reservation/01_v/84
강동 한의원,강동,함소아한의원 강동|강동 함소아한의원|함소아 강동|hamsoa.com/reservation/01_v/49
분당 한의원,분당,함소아한의원 분당|분당 함소아한의원|함소아 분당
수원 한의원,수원시청,함소아한의원 수원시청|수원시청 함소아한의원|함소아 수원시청|hamsoa.com/reservation/01_v/85
북수원 한의원,북수원,함소아한의원 북수원|북수원 함소아한의원|함소아 북수원|hamsoa.com/reservation/01_v/57
용인 동백 한의원,용인동백,함소아한의원 용인동백|용인동백 함소아한의원|함소아 용인동백|hamsoa.com/reservation/01_v/32
의정부 한의원,의정부,함소아한의원 의정부|의정부 함소아한의원|함소아 의정부|hamsoa.com/reservation/01_v/69
파주 한의원,파주,함소아한의원 파주|파주 함소아한의원|함소아 파주|hamsoa.com/reservation/01_v/6
산본 한의원,산본,함소아한의원 산본|산본 함소아한의원|함소아 산본|hamsoa.com/reservation/01_v/8
평촌 한의원,평촌,함소아한의원 평촌|평촌 함소아한의원|함소아 평촌|hamsoa.com/reservation/01_v/51
부천 신중동 한의원,부천신중동,함소아한의원 부천신중동|부천신중동 함소아한의원|함소아 부천신중동|hamsoa.com/reservation/01_v/22
부천 한의원,부천시청,함소아한의원 부천시청|부천시청 함소아한의원|함소아 부천시청|hamsoa.com/reservation/01_v/5
인천 청라 한의원,인천 청라,함소아한의원 청라|청라 함소아한의원|함소아 청라|hamsoa.com/reservation/01_v/1
송도 한의원,인천 송도,송도함소아한의원|함소아한의원 송도|함소아 송도
청주 한의원,청주 복대,함소아한의원 청주 복대|청주 복대 함소아한의원|함소아 청주 복대|hamsoa.com/reservation/01_v/64
서대전 한의원,서대전,함소아한의원 서대전|서대전 함소아한의원|함소아 서대전|hamsoa.com/reservation/01_v/87
춘천 한의원,춘천,함소아한의원 춘천|춘천 함소아한의원|함소아 춘천|hamsoa.com/reservation/01_v/88
대구 달서 한의원,대구 달서,함소아한의원 대구 달서|대구 달서 함소아한의원|함소아 대구 달서|hamsoa.com/reservation/01_v/18
대구 수성 한의원,대구 수성,함소아한의원 대구 수성|대구 수성 함소아한의원|함소아 대구 수성|hamsoa.com/reservation/01_v/63
부산 서면 한의원,부산 서면,함소아한의원 부산 서면|부산 서면 함소아한의원|함소아 부산 서면|hamsoa.com/reservation/01_v/11
부산 해운대 한의원,부산 해운대,함소아한의원 부산 해운대|부산 해운대 함소아한의원|함소아 부산 해운대
부산 동래 한의원,부산 동래,함소아한의원 부산 동래|부산 동래 함소아한의원|함소아 부산 동래
울산 한의원,울산,함소아한의원 울산|울산 함소아한의원|함소아 울산|hamsoa.com/reservation/01_v/86
창원 한의원,창원,함소아한의원 창원|창원 함소아한의원|함소아 창원|hamsoa.com/reservation/01_v/59
구미 한의원,구미,함소아한의원 구미|구미 함소아한의원|함소아 구미|hamsoa.com/reservation/01_v/35
전주 한의원,전주,함소아한의원 전주|전주 함소아한의원|함소아 전주|hamsoa.com/reservation/01_v/53
순천 한의원,순천,함소아한의원 순천|순천 함소아한의원|함소아 순천|hamsoa.com/reservation/01_v/31
광주 수완 한의원,광주 수완,함소아한의원 광주수완|광주수완 함소아한의원|함소아 광주 수완|hamsoa.com/reservation/01_v/14
